residues in contact,ROI partner position,ROI partner residue,ROI partner domain,second partner position,second partner residue,second partner domain,median contacts distance,number atoms contacts,atoms contacts,atoms contacts distances,ROI partner types
740ASP_791ARG,740,ASP,HVR,791,ARG,HVR,2.196182656715651,2,ASP740_OD1-ARG791_NH1-HH12;ASP740_OD2-ARG791_NH1-HH12,2.1961023415291065;2.1962629719021955,donor;donor
773PRO_742TRP,773,PRO,HVR,742,TRP,HVR,2.009563001551082,1,PRO773_O-TRP742_NE1-HE1,2.009563001551082,donor
774ASN_744LEU,774,ASN,HVR,744,LEU,HVR,2.128126159497325,1,ASN774_OD1-LEU744_N-H,2.128126159497325,donor
791ARG_851GLU,791,ARG,HVR,851,GLU,X domain,2.041643983438192,3,GLU851_OE1-ARG791_NE-HE;GLU851_OE1-ARG791_NH2-HH21;GLU851_OE2-ARG791_NH2-HH21,1.9370110038059851;2.041643983438192;2.07439645414426,acceptor;acceptor;acceptor
792LYS_846TYR,792,LYS,HVR,846,TYR,X domain,2.0896331165907625,1,LYS792_O-TYR846_OH-HH,2.0896331165907625,donor
794PRO_746SER,794,PRO,HVR,746,SER,HVR,2.070426302826729,1,PRO794_O-SER746_N-H,2.070426302826729,donor
801THR_818SER,801,THR,HVR,818,SER,X domain,2.2598160454369483,1,THR801_O-SER818_N-H,2.2598160454369483,donor
801THR_937TYR,801,THR,HVR,937,TYR,X domain,2.651478867353968,1,THR801_O-TYR937_OH-HH,2.651478867353968,donor
802ARG_821GLU,802,ARG,HVR,821,GLU,X domain,2.1739911755046584,1,GLU821_O-ARG802_NH1-HH11,2.1739911755046584,acceptor
802ARG_823ASP,802,ARG,HVR,823,ASP,X domain,1.953218381720291,2,ASP823_OD1-ARG802_NH2-HH21;ASP823_OD2-ARG802_NH2-HH21,1.950947424929886;1.955489338510696,acceptor;acceptor
802ARG_935GLU,802,ARG,HVR,935,GLU,X domain,1.8301308296964856,3,GLU935_OE1-ARG802_NH2-HH22;GLU935_OE2-ARG802_NH1-HH12;GLU935_OE2-ARG802_NH2-HH22,1.8301308296964856;1.7780487581206454;2.4626238671723093,acceptor;acceptor;acceptor
